{
    "loss": 0.2916949391365051,
    "accuracy": 0.9396551847457886
}